{
  "majority": {
    "accuracy": 0.7232323232323232,
    "f1_macro": 0.27979679562329035,
    "f1_left": 0.0,
    "f1_forward": 0.839390386869871,
    "f1_right": 0.0,
    "confusion_matrix": [
      [
        0,
        424,
        0
      ],
      [
        0,
        1432,
        0
      ],
      [
        0,
        124,
        0
      ]
    ]
  },
  "random": {
    "accuracy": 0.33181818181818185,
    "f1_macro": 0.27191270876859985,
    "f1_left": 0.27592425608656446,
    "f1_forward": 0.4512722035525684,
    "f1_right": 0.08854166666666667,
    "confusion_matrix": [
      [
        153,
        141,
        130
      ],
      [
        482,
        470,
        480
      ],
      [
        50,
        40,
        34
      ]
    ]
  },
  "lr_original": {
    "accuracy": 0.9015151515151515,
    "f1_macro": 0.8664160028118322,
    "f1_left": 0.8014796547472256,
    "f1_forward": 0.9326889886089058,
    "f1_right": 0.8650793650793651,
    "confusion_matrix": [
      [
        325,
        99,
        0
      ],
      [
        62,
        1351,
        19
      ],
      [
        0,
        15,
        109
      ]
    ]
  },
  "lr_weighted": {
    "accuracy": 0.8671717171717171,
    "f1_macro": 0.8469035137878458,
    "f1_left": 0.7734138972809668,
    "f1_forward": 0.9020484171322161,
    "f1_right": 0.8652482269503546,
    "confusion_matrix": [
      [
        384,
        40,
        0
      ],
      [
        185,
        1211,
        36
      ],
      [
        0,
        2,
        122
      ]
    ]
  },
  "lr_tfi": {
    "accuracy": 0.8833333333333333,
    "f1_macro": 0.85710646716007,
    "f1_left": 0.7859495060373216,
    "f1_forward": 0.9167567567567567,
    "f1_right": 0.8686131386861314,
    "confusion_matrix": [
      [
        358,
        66,
        0
      ],
      [
        129,
        1272,
        31
      ],
      [
        0,
        5,
        119
      ]
    ]
  },
  "rf_original": {
    "accuracy": 0.9242424242424242,
    "f1_macro": 0.8989074080053446,
    "f1_left": 0.8286852589641435,
    "f1_forward": 0.9491180461329715,
    "f1_right": 0.918918918918919,
    "confusion_matrix": [
      [
        312,
        112,
        0
      ],
      [
        17,
        1399,
        16
      ],
      [
        0,
        5,
        119
      ]
    ]
  },
  "rf_weighted": {
    "accuracy": 0.9297979797979798,
    "f1_macro": 0.9095098638370839,
    "f1_left": 0.8503740648379052,
    "f1_forward": 0.9520854877628404,
    "f1_right": 0.9260700389105059,
    "confusion_matrix": [
      [
        341,
        83,
        0
      ],
      [
        37,
        1381,
        14
      ],
      [
        0,
        5,
        119
      ]
    ]
  },
  "rf_tfi": {
    "accuracy": 0.9227272727272727,
    "f1_macro": 0.9041946063672864,
    "f1_left": 0.8343558282208589,
    "f1_forward": 0.9469302809573361,
    "f1_right": 0.9312977099236641,
    "confusion_matrix": [
      [
        340,
        84,
        0
      ],
      [
        51,
        1365,
        16
      ],
      [
        0,
        2,
        122
      ]
    ]
  }
}